fname,label
001.mp4,1
002.mp4,0
003.mp4,0
004.mp4,0
005.mp4,0
006.mp4,0
007.mp4,1
008.mp4,0
009.mp4,0
010.mp4,0
011.mp4,0
012.mp4,1
013.mp4,1
014.mp4,1
015.mp4,0
016.mp4,0
017.mp4,1
018.mp4,0
019.mp4,0
020.mp4,0
021.mp4,0
022.mp4,1
023.mp4,0
024.mp4,0
025.mp4,0
026.mp4,0
027.mp4,0
028.mp4,0
029.mp4,0
030.mp4,0
031.mp4,1
032.mp4,0
033.mp4,1
034.mp4,0
035.mp4,1
036.mp4,0
037.mp4,0
038.mp4,1
039.mp4,0
040.mp4,0
041.mp4,0
042.mp4,0
043.mp4,0
044.mp4,0
045.mp4,0
046.mp4,1
047.mp4,1
048.mp4,0
049.mp4,0
050.mp4,1
051.mp4,0
052.mp4,1
053.mp4,0
054.mp4,0
055.mp4,0
058.mp4,1
059.mp4,0
060.mp4,1
062.mp4,1
065.mp4,0
067.mp4,1
068.mp4,1
069.mp4,0
070.mp4,0
071.mp4,1
072.mp4,0
073.mp4,0
074.mp4,0
075.mp4,0
076.mp4,0
077.mp4,0
078.mp4,0
079.mp4,0
080.mp4,0
081.mp4,0
082.mp4,1
083.mp4,1
084.mp4,0
085.mp4,0
086.mp4,0
087.mp4,0
088.mp4,1
089.mp4,1
090.mp4,1
091.mp4,0
092.mp4,1
093.mp4,1
094.mp4,0
095.mp4,0
096.mp4,0
097.mp4,1
098.mp4,1
099.mp4,0
100.mp4,0
101.mp4,0
102.mp4,1
103.mp4,0
104.mp4,0
105.mp4,0
106.mp4,0
107.mp4,1
108.mp4,1
109.mp4,0
110.mp4,0
111.mp4,0
112.mp4,1
113.mp4,0
114.mp4,0
115.mp4,0
116.mp4,0
117.mp4,0
118.mp4,0
119.mp4,1
121.mp4,0
122.mp4,0
123.mp4,0
124.mp4,0
125.mp4,0
126.mp4,0
127.mp4,1
128.mp4,0
129.mp4,0
130.mp4,0
131.mp4,1
132.mp4,1
133.mp4,1
134.mp4,1
135.mp4,1
136.mp4,1
137.mp4,0
138.mp4,0
139.mp4,0
140.mp4,0
141.mp4,0
142.mp4,0
143.mp4,0
144.mp4,0
145.mp4,0
146.mp4,1
147.mp4,1
148.mp4,1
149.mp4,1
150.mp4,1
151.mp4,1
152.mp4,1
153.mp4,1
154.mp4,1
155.mp4,1
156.mp4,1
157.mp4,0
158.mp4,0
159.mp4,1
160.mp4,0
161.mp4,1
162.mp4,1
163.mp4,1
165.mp4,1
166.mp4,1
167.mp4,1
168.mp4,1
169.mp4,0
170.mp4,1
171.mp4,1
172.mp4,1
173.mp4,0
174.mp4,1
175.mp4,1
176.mp4,0
177.mp4,1
178.mp4,1
180.mp4,1
181.mp4,0
182.mp4,0
183.mp4,0
184.mp4,1
185.mp4,1
186.mp4,1
187.mp4,0
188.mp4,1
189.mp4,1
190.mp4,0
191.mp4,1
192.mp4,1
193.mp4,0
194.mp4,1
195.mp4,1
196.mp4,0
197.mp4,0
198.mp4,1
199.mp4,0
200.mp4,1
201.mp4,0
202.mp4,1
203.mp4,0
204.mp4,1
205.mp4,1
206.mp4,0
207.mp4,1
208.mp4,0
209.mp4,1
210.mp4,1
211.mp4,1
212.mp4,1
213.mp4,1
214.mp4,0
215.mp4,0
216.mp4,1
217.mp4,1
218.mp4,0
219.mp4,1
220.mp4,0
221.mp4,0
222.mp4,0
223.mp4,0
224.mp4,0
225.mp4,0
226.mp4,0
227.mp4,0
228.mp4,0
229.mp4,0
230.mp4,0
231.mp4,0
232.mp4,0
233.mp4,0
234.mp4,1
235.mp4,1
236.mp4,1
237.mp4,0
238.mp4,0
239.mp4,1
240.mp4,1
241.mp4,0
242.mp4,1
243.mp4,0
244.mp4,0
245.mp4,1
246.mp4,0
247.mp4,1
248.mp4,0
249.mp4,1
250.mp4,0
251.mp4,0
252.mp4,1
253.mp4,0
254.mp4,0
255.mp4,0
256.mp4,0
257.mp4,0
258.mp4,0
259.mp4,0
260.mp4,0
261.mp4,0
262.mp4,0
263.mp4,0
264.mp4,0
265.mp4,0
266.mp4,0
267.mp4,1
268.mp4,0
269.mp4,0
270.mp4,1
271.mp4,0
272.mp4,0
273.mp4,1
274.mp4,0
275.mp4,0
276.mp4,0
277.mp4,0
278.mp4,1
279.mp4,0
280.mp4,0
281.mp4,0
282.mp4,0
283.mp4,0
284.mp4,0
285.mp4,0
286.mp4,1
287.mp4,0
288.mp4,1
289.mp4,1
290.mp4,0
291.mp4,0
292.mp4,0
293.mp4,0
294.mp4,0
295.mp4,0
296.mp4,0
297.mp4,0
298.mp4,1
299.mp4,0
300.mp4,1
301.mp4,1
302.mp4,0
303.mp4,0
304.mp4,1
305.mp4,0
306.mp4,0
307.mp4,0
308.mp4,0
309.mp4,1
310.mp4,0
311.mp4,1
312.mp4,1
313.mp4,0
314.mp4,0
315.mp4,0
316.mp4,0
317.mp4,1
318.mp4,0
319.mp4,0
320.mp4,0
321.mp4,0
322.mp4,0
323.mp4,0
324.mp4,1
325.mp4,0
326.mp4,1
327.mp4,1
328.mp4,0
329.mp4,0
330.mp4,1
331.mp4,1
332.mp4,1
333.mp4,0
334.mp4,1
335.mp4,0
336.mp4,0
337.mp4,0
339.mp4,0
340.mp4,1
341.mp4,0
342.mp4,1
343.mp4,0
344.mp4,0
345.mp4,0
346.mp4,0
347.mp4,0
348.mp4,0
349.mp4,1
350.mp4,0
351.mp4,0
352.mp4,1
353.mp4,0
354.mp4,1
355.mp4,0
356.mp4,1
357.mp4,0
358.mp4,0
359.mp4,0
360.mp4,0
361.mp4,1
362.mp4,0
363.mp4,0
364.mp4,0
365.mp4,0
366.mp4,0
367.mp4,1
368.mp4,1
369.mp4,0
370.mp4,1
371.mp4,1
372.mp4,1
373.mp4,0
374.mp4,0
375.mp4,1
376.mp4,0
377.mp4,1
378.mp4,0
379.mp4,0
380.mp4,1
381.mp4,1
382.mp4,0
383.mp4,1
384.mp4,0
385.mp4,0
386.mp4,0
387.mp4,0
388.mp4,0
389.mp4,1
390.mp4,0
391.mp4,1
392.mp4,1
393.mp4,1
394.mp4,1
395.mp4,1
396.mp4,0
397.mp4,0
398.mp4,0
399.mp4,0
400.mp4,1
401.mp4,0
402.mp4,1
403.mp4,0
404.mp4,1
405.mp4,1
406.mp4,0
407.mp4,0
408.mp4,0
409.mp4,0
410.mp4,0
411.mp4,1
412.mp4,0
413.mp4,0
414.mp4,0
415.mp4,0
416.mp4,0
417.mp4,0
418.mp4,0
419.mp4,0
420.mp4,1
421.mp4,0
422.mp4,0
423.mp4,0
424.mp4,0
425.mp4,0
426.mp4,1
427.mp4,0
428.mp4,0
429.mp4,0
430.mp4,1
431.mp4,1
432.mp4,1
433.mp4,0
434.mp4,0
435.mp4,0
436.mp4,0
437.mp4,1
438.mp4,0
439.mp4,1
440.mp4,0
441.mp4,0
442.mp4,1
443.mp4,1
444.mp4,0
445.mp4,1
446.mp4,1
447.mp4,0
448.mp4,0
449.mp4,1
450.mp4,1
451.mp4,1
452.mp4,1
453.mp4,0
454.mp4,0
455.mp4,1
456.mp4,1
457.mp4,0
458.mp4,1
459.mp4,1
460.mp4,0
461.mp4,0
462.mp4,0
463.mp4,1
464.mp4,1
465.mp4,1
466.mp4,1
467.mp4,0
468.mp4,1
469.mp4,0
470.mp4,0
471.mp4,0
472.mp4,0
473.mp4,0
474.mp4,0
475.mp4,0
476.mp4,0
477.mp4,0
478.mp4,0
479.mp4,0
480.mp4,0
481.mp4,0
482.mp4,0
483.mp4,0
484.mp4,0
485.mp4,0
486.mp4,0
487.mp4,0
488.mp4,0
489.mp4,0
490.mp4,0
491.mp4,0
492.mp4,0
493.mp4,1
494.mp4,1
495.mp4,0
496.mp4,0
497.mp4,0
498.mp4,1
499.mp4,0
500.mp4,0
501.mp4,1
502.mp4,1
503.mp4,0
504.mp4,0
505.mp4,1
506.mp4,1
507.mp4,0
508.mp4,0
509.mp4,0
510.mp4,0
511.mp4,0
512.mp4,1
513.mp4,1
514.mp4,0
515.mp4,1
516.mp4,0
517.mp4,0
518.mp4,0
519.mp4,0
520.mp4,1
521.mp4,0
522.mp4,0
523.mp4,1
524.mp4,0
525.mp4,0
526.mp4,0
527.mp4,0
528.mp4,1
529.mp4,1
530.mp4,1
531.mp4,1
532.mp4,0
533.mp4,1
534.mp4,1
535.mp4,0
536.mp4,0
537.mp4,0
538.mp4,0
539.mp4,0
540.mp4,0
541.mp4,0
542.mp4,1
543.mp4,1
544.mp4,1
545.mp4,0
546.mp4,0
547.mp4,0
548.mp4,0
549.mp4,0
550.mp4,1
551.mp4,1
552.mp4,1
553.mp4,0
554.mp4,1
555.mp4,1
556.mp4,0
557.mp4,0
558.mp4,1
559.mp4,1
560.mp4,0
561.mp4,0
562.mp4,0
563.mp4,0
565.mp4,1
566.mp4,0
567.mp4,0
568.mp4,1
569.mp4,1
570.mp4,0
571.mp4,0
572.mp4,0
573.mp4,0
574.mp4,0
575.mp4,0
576.mp4,0
577.mp4,0
578.mp4,1
579.mp4,0
580.mp4,0
581.mp4,0
582.mp4,0
583.mp4,1
584.mp4,0
585.mp4,1
586.mp4,0
587.mp4,0
588.mp4,0
589.mp4,0
590.mp4,1
591.mp4,0
592.mp4,0
593.mp4,1
594.mp4,0
595.mp4,1
596.mp4,0
597.mp4,0
598.mp4,1
599.mp4,0
600.mp4,0
601.mp4,0
602.mp4,0
603.mp4,0
604.mp4,0
605.mp4,0
606.mp4,0
607.mp4,1
608.mp4,1
609.mp4,0
610.mp4,1
611.mp4,0
612.mp4,1
613.mp4,1
614.mp4,0
615.mp4,0
616.mp4,0
617.mp4,0
618.mp4,0
619.mp4,0
620.mp4,0
621.mp4,0
622.mp4,0
623.mp4,0
624.mp4,0
625.mp4,0
626.mp4,0
627.mp4,0
628.mp4,1
629.mp4,1
630.mp4,1
631.mp4,0
632.mp4,1
634.mp4,0
635.mp4,0
636.mp4,0
637.mp4,0
638.mp4,0
639.mp4,0
640.mp4,0
641.mp4,0
642.mp4,1
643.mp4,1
644.mp4,0
645.mp4,0
646.mp4,0
647.mp4,0
648.mp4,0
649.mp4,0
650.mp4,0
651.mp4,0
652.mp4,0
653.mp4,0
654.mp4,1
655.mp4,0
656.mp4,0
657.mp4,0
658.mp4,0
659.mp4,0
660.mp4,0
661.mp4,0
662.mp4,0
663.mp4,0
664.mp4,0
665.mp4,0
666.mp4,0
667.mp4,0
668.mp4,0
669.mp4,1
670.mp4,0
671.mp4,0
672.mp4,0
673.mp4,0
674.mp4,0
675.mp4,0
676.mp4,0
677.mp4,0
678.mp4,0
679.mp4,0
680.mp4,1
681.mp4,1
682.mp4,1
683.mp4,1
684.mp4,1
685.mp4,1
686.mp4,1
687.mp4,1
688.mp4,0
689.mp4,1
690.mp4,1
691.mp4,0
692.mp4,0
693.mp4,1
694.mp4,0
695.mp4,1
696.mp4,1
697.mp4,0
698.mp4,1
699.mp4,0
700.mp4,1
701.mp4,0
702.mp4,1
703.mp4,1
704.mp4,1
705.mp4,1
706.mp4,0
707.mp4,0
708.mp4,0
709.mp4,0
710.mp4,1
711.mp4,1
712.mp4,0
713.mp4,1
714.mp4,0
715.mp4,0
716.mp4,0
717.mp4,1
718.mp4,0
719.mp4,1
720.mp4,0
721.mp4,0
722.mp4,0
723.mp4,1
724.mp4,1
725.mp4,0
726.mp4,0
727.mp4,0
728.mp4,0
729.mp4,1
730.mp4,1
731.mp4,0
732.mp4,0
733.mp4,0
734.mp4,0
735.mp4,0
736.mp4,0
737.mp4,1
738.mp4,1
739.mp4,1
740.mp4,1
741.mp4,0
742.mp4,0
743.mp4,0
744.mp4,0
745.mp4,0
